{"A_hat": [[-0.19090132822443073, -0.043586817778571416, 0.23188447615054783, 0.10207939619014053], [0.19882194033843448, 0.13670523720529731, -0.13971112210335596, 0.1542001014696159], [-0.07537244207038524, -0.07241054385613017, 0.023016569628198393, -0.32678331795896093], [0.24197471483934652, -0.17141746276644595, 0.21778237707442194, -0.023296956342563346]], "cov_diag": [0.016217758816755235, 0.016217758816755235, 0.016217758816755235, 0.016217758816755235, 0.015456886285483166, 0.015456886285483166, 0.015456886285483166, 0.015456886285483166, 0.016304104356169163, 0.016304104356169163, 0.016304104356169163, 0.016304104356169163, 0.015588812434148176, 0.015588812434148176, 0.015588812434148176, 0.015588812434148176]}