{"mse_mean": 0.010365690866652651, "mse_std": 0.003098340688478618, "zero_mse_mean": 0.010689816509699412, "pooled_mse": 0.01047303409756808}